$aa,$sced,$cplx,$site,$resl,$acap,$etat,$rely,$data,$prec,$pmat,$aexp,$flex,$pcon,$tool,$time,$stor,$docu,$b,$plex,$pcap,$kloc,$ltex,$pr,$ruse,$team,$pvol,-effort,-months,-defects,-risks
1.9035420149008955,2.0828678062758073,2.880107156927238,5.495755940148492,4.801814315814825,4.493547187896341,1.961439840389523,3.29971568397607,3.420909800224511,1.645655028349795,4.0430102094561535,2.5371513121508578,1.3744973745760558,2.12965723990587,3.979916862351691,5.899343399302143,4.948705416965103,4.242072932656035,3.0064494664567527,1.206303823491385,4.261979187549959,402.5830724914902,2.0407487057560503,2.5265194417725407,2.00078256532893,4.06824636758679,4.501329917497633,2263.400459143795,31.968412343257775,9613.725041262242,0.5361930294906166
2.6783742520245304,3.2571335483897887,2.7851674522126637,4.997775345589747,1.1237394995389454,3.4336526138777823,1.3679449460284678,2.96119131451855,2.079419634202574,1.4082367391042472,1.1331491250199002,2.9820185881180885,3.281811635788885,2.202559364196336,2.204120012439494,4.144952520097648,3.1465379993572498,2.3317953003428165,8.11725230158919,1.6987921676111462,4.888952835128008,173.6959075052862,2.662481269490246,3.69747643997929,5.324324057596454,3.0025550021080147,3.5347779351425475,782.7464140695162,29.60520843021457,14046.454868574529,1.3404825737265416
3.533746900824739,4.260618308747955,2.7438190313719346,2.521579324194819,4.558638336757024,4.792996301320863,1.177656687858766,4.307756746941808,2.720375057449788,3.812745604047269,4.587080245329837,2.8730348616439514,3.8732766302848978,1.073623366181499,4.152451532274436,5.029972656946988,4.042347397012544,1.0730687646317478,3.761753039928363,3.337988749370252,4.284242059788891,405.52533795633127,2.6274410336214196,4.939118479215251,5.053409155677528,1.1134596262803336,4.170467557936757,1301.6936275404478,43.6457778980516,3501.0489129294065,0.8042895442359249
4.216150281701719,2.863793189413411,3.63610098474624,1.0667254536116146,4.308957930720857,4.026796840070979,1.4973862519553234,1.853332140991398,2.659450102334756,3.6293145058880416,1.699650959837801,1.3158526466748137,4.11864984004019,3.109272568624463,2.576467353303369,5.488050973479677,4.682610077122018,1.0687918783503867,4.116672430185529,1.5788749657555958,4.434082641548188,297.6401890676856,1.0081819034908763,3.145547241923651,3.685971640023722,3.2185967511973934,4.653554548560502,2401.965977943212,32.64029570069639,26494.155914369963,5.093833780160858
2.8813593918214173,2.888938428429119,4.87916935156591,5.31952155153699,4.144014840178175,2.951136107873582,3.9280931557747536,3.2274742021732807,3.9105299583374844,2.388178103267923,4.617374506487497,4.280475122277155,2.0789537291812294,1.9537824123722007,2.2997435647305227,4.426846198069386,4.629930569543023,4.476874950825238,9.788123613928576,3.1310955415197537,3.96328155453872,281.230932612432,1.708004498822072,1.5785064063942347,3.7433996344978446,1.8742801840644696,2.3787869781691917,1546.7790948755987,29.332803445781288,10812.729768041962,1.6085790884718498
2.337026120566305,2.5575211222145877,3.419247661418604,5.853876232476227,3.3367824188709934,3.549402123069841,2.275544269646569,1.3742089898661694,3.7719989834547256,3.7704057278818195,3.2810508572297503,4.743798835379966,1.0095416516936986,1.0087141129557602,4.722840302589706,3.8933065776486835,3.3004916180971553,4.242518303736016,3.4776981722019853,3.754455644552155,4.4147045368502145,392.75853263888723,4.551821759610016,5.314371408515483,4.555251643852728,1.2662746263220361,2.566811315756676,761.4928158806628,23.65554330357768,2959.789845549756,2.1447721179624666
3.508766172593733,4.173449802383653,5.3452640921521475,3.4893957675509233,3.410190495237256,3.367667772851543,5.375064129995254,4.696859183409665,2.3397495113602407,2.2232256915016015,2.998376444220115,2.488706813058651,1.9125761160575467,1.0029628920142062,3.3233591752395357,4.621663822344977,4.3415998715365305,3.3714639459684737,3.714305164624975,2.2695891143110107,3.1060043117992473,394.31631714316984,1.2559930351556274,1.585340385160877,5.68423759119206,4.862062812835392,2.0783756064808037,4468.293827794125,64.18138341644135,15699.754121152186,0.2680965147453083
2.307565373270116,1.5405673535767295,1.2633604136905587,3.8811948724711374,4.824021770193507,2.121275884905903,5.89507856165697,3.1121376606194655,3.65093469187516,3.4351321857322845,2.3832893271364264,1.3109783040239833,3.1424165488762426,3.7741086445576864,3.923719807289058,5.889912329477726,3.2973595669996296,4.0066968633731115,3.3343313547328886,3.975907237205613,4.8082564967681725,245.59586174603515,2.693125357434154,2.8981731872523504,5.867465687538463,2.976083556900887,2.4665753832172186,846.6161232974358,20.3474274161838,3444.4181007504685,5.630026809651475
4.97372314614461,4.593200437657972,2.17209094398945,1.0567267955903827,3.918984705636253,2.496197388940256,2.1158956821167183,4.234770518096278,2.0883228150096054,1.2593563766102807,4.0908178655990035,4.367643408569622,3.885467671648616,4.739092186583721,2.8139101102086035,4.656500699108209,4.288956869848743,3.4274453409258756,7.637914138031518,2.319356695501028,4.96034291603494,112.2598917984392,4.0911475221469145,4.303797688519488,2.192366822614293,3.924482757821798,3.458065903525185,190.47439422652897,24.375988015520175,315.01719526065574,0.0
4.8570449976416565,3.097546838651191,5.645431121900244,4.158265870700298,3.2574803648122206,3.326305716159129,1.6166001516675235,4.661536648366914,2.486086655883422,1.2413219472474508,4.220140124996684,1.1090396074416304,3.5448864499395802,4.7395663564023085,2.322206105488493,4.882290977605997,4.537245070517926,2.1268187360140733,8.413120472009009,3.935237191498458,3.8739805937878,201.2793357613187,1.5364267286278848,3.6375423921633265,3.204322617814997,3.355629866375516,2.212371180461449,813.9710734817083,28.252808142951146,3309.993288315919,0.8042895442359249
2.987291593180597,4.147059943252432,1.4350063084912086,3.8086355712475406,2.482674866455261,4.7863827556057466,1.9425858085537964,2.6048756560974646,2.4183394522745427,2.3478323827112484,2.6470961374604545,4.61112039206361,2.5252855240557155,1.8059772137051153,4.160954437735231,3.851588402811738,3.2019565792467994,4.872240911370837,3.744718052003542,3.9578139264582144,4.363531865731932,12.475804861856211,2.2236196825019885,5.958129560116736,4.4508210574817095,2.3021666501483677,3.534617440604956,25.654437645007068,13.426932044698233,38.95914270747891,2.9490616621983916
3.3015150790647603,2.4724514260473263,5.3302541648605635,2.898915002395141,1.9882021543396617,3.99703978953479,1.703671075423427,1.910732271442884,3.4718643851239723,1.0369866930992035,4.563520259335899,4.95594097406469,1.1851052135880376,3.368516192708355,4.749441116025109,5.491778132114041,3.333459557709647,1.1634671743564442,8.533657839906173,2.81771140872471,3.785033597934004,317.3973291247866,4.643796216558089,3.1424195647937108,2.1694184349589993,1.153408157529971,4.241765019168271,655.4864810944722,22.937510034675363,13882.241349968212,2.1447721179624666
1.0448887865468368,2.759569194954132,1.364682246680862,4.9506840373994985,4.466025890440397,3.834892276219419,3.7256939666299123,4.7610524323137575,2.2297252523965647,1.8443996244285166,2.265359888478892,3.017259207326594,1.209984073389248,2.416806918011587,3.0404971683825543,5.9723467785850906,3.984406540567165,1.9975045140232788,4.93075421750404,1.5637780860158506,3.259101342611145,308.1684163709459,3.3364591665817382,5.290183942316379,4.770552531045811,4.56732302801919,3.313730975253076,993.7551417331231,25.221614417771512,3578.1147806585795,0.0
3.85043186165657,1.7624834634339104,3.9092287055159716,2.5916509415418894,3.917167675002835,4.70071495456734,4.720754568385602,1.375338542602048,3.8372232526589345,2.963991288722075,4.083319111146418,2.6005148842428767,4.886464848093124,3.0549303346396304,3.9019225428975837,4.414171936614109,3.083364910379193,2.7163015860709043,7.696935627066098,2.4273527298481783,3.8840497573669346,281.2137159765238,2.440232217948725,2.6696271307727577,5.059859329254915,3.5200388712748327,2.438353822175746,930.590459013757,19.997587524527283,8675.783527510624,4.289544235924933
1.6415190089578515,1.5950975086243258,4.77998426395002,5.305822542980534,1.0462204304896514,2.485189530466632,2.1062075963192877,4.212794812897458,3.916254701680658,3.9653213748766905,3.4565634374427994,1.1912742580798357,2.98374606663779,1.882746814849138,4.409978773661448,3.1831483605244664,4.663032672860924,3.927419120437579,8.76038186290995,3.9017094473545266,3.4327073060555438,364.72771585842116,3.5396350285550833,3.666952058163324,4.38901069061557,1.532653570595651,2.935233311114887,2246.670130105005,28.3045960592885,14990.454816921778,5.361930294906166
5.875224391738155,4.437689367579091,3.425250530630128,1.578354041161202,4.33724835425011,2.9029876804563624,1.5186388226460608,3.6143204674743963,2.2332330958631603,1.8422822386217748,1.4931362610157142,4.470826689595134,1.1449962073142466,2.283346054248865,3.726171644085663,3.0869888819452496,3.224213412921666,2.0479981923138064,8.549410618908436,2.2051783944520484,3.82600115123742,237.7719111304647,1.3772974092643149,4.182909858234533,3.531438610881416,3.2957612418232816,3.4953547595731216,978.3756959808445,41.906113407041026,3147.3765297928003,0.8042895442359249
4.702191125155313,1.6543110130016574,4.812048434670631,2.7891938871331607,2.8164031728514973,4.855125092953254,2.6833715153119404,4.156646011865707,2.6145349987196624,3.533562566653045,3.1067771785973632,3.3710954452136512,2.9860305149950905,2.1545812996057987,3.069455716689321,4.835842266976031,3.902448308406713,2.055460208206183,3.8166639303809555,3.8534828116247706,3.076805256049223,45.4997979178801,4.557066939923464,2.7950034025102166,2.1111302367557903,3.2317277944448755,3.9984535907924563,183.0198645083296,12.850353121680573,949.0839148872162,1.0723860589812333
1.725121469811375,3.7741350831610956,1.9810904051146774,3.2526083043009812,2.9338929376607474,2.993116963443068,2.663769810826794,4.0940370662997285,3.0671496856966725,1.6996121771698713,3.5870714957749383,3.713239891414523,3.230951017092862,1.442695575719347,3.7023423097761397,4.441832187278802,4.656657532410375,4.480748891078279,3.298089742400613,1.8931632118406378,3.3333156382099647,105.56578979426425,2.511883210021244,4.157401213001408,2.6610144843657633,4.52629311685989,2.808815696948682,619.1090630242217,26.05981381562222,1648.5425605825767,0.0
2.4959681646460354,3.0434241479229893,4.9780513998204245,5.540348352096021,3.888231230604248,2.1107326839262868,2.415104409587466,3.5610603837965304,2.202233365654034,1.123285921615722,2.2964696996624743,4.793012246004034,3.2880087220016625,4.135751318538721,3.4041844627910143,3.558582558418299,3.2326881736978095,1.3510578414783234,4.554102352714712,2.7675021377698585,4.823412801879696,251.52223529214513,1.4352263173864772,5.335423409199576,2.780980140820335,1.54006530340726,4.479214930623049,472.0165502727596,24.109018031857694,4195.565571342037,0.0
1.2822165749717553,1.8118681654097801,4.745546028569649,1.9947524138786341,3.038249877883458,2.0279708508918017,3.833365152045074,2.954031423956237,2.522890584318473,1.5557949343402826,3.2417814650587475,2.9300007197162485,2.456472435776265,4.4387610991427895,2.5019482527161303,4.327349602274694,4.298069610022002,1.9598364930502692,6.814798696279732,3.853178738666415,4.3206854911515675,125.33406250606475,2.928508940860286,2.464261175158317,2.252300432518127,1.3711733888654432,4.982467333798065,821.9866114647382,20.885948313593147,10640.151673213872,5.361930294906166
3.9206158789971908,4.68014804752769,3.8038296615659277,1.8356483938919668,1.887326256202038,2.2345165086675904,1.2705565952136308,3.8532501817825873,2.2883319962816246,4.895452648458107,4.797759720648407,4.352867739023862,2.3915284543901443,4.658804651826074,4.601560416215452,3.249289102798781,3.852079608042077,3.3944198160118253,7.751810057854893,3.293406683391693,4.41473479869927,106.27475081352277,3.343673730760668,2.7567643705565623,4.940703771286383,2.8712120512069146,4.210078594876899,292.61924870589854,27.825936476685534,406.5105132556101,0.2680965147453083
4.111191842481004,1.1129604233851746,4.21767279452281,1.4937664574928435,1.008840761108699,4.039312023477891,4.625450443797966,3.156770838299643,2.790891878708199,1.0453414163938461,3.024956249272805,4.913239103746237,3.1661458707100296,2.209559252108783,4.702760435049772,3.8524418641364973,3.1180830299423743,3.9884382816918684,5.713753846181426,1.4377609857574094,3.849893819493019,12.323149062779219,1.4420685991975235,4.110806986034811,5.18414598426495,2.9967556636741217,2.937763946721146,106.83926577106499,10.928225582505421,553.425558731221,2.4128686327077746
1.5076120985766304,3.5963387818665273,4.626857541864467,1.6809910997129076,3.1634690902267506,4.98786556823233,1.5251285056087773,2.197664736586988,3.7044281481973824,1.8227120968925794,3.503372751147683,4.005808537266894,1.703549666743192,4.788316450224465,2.524212480759411,3.47415366347742,3.961988021894387,2.1364816006493124,5.903713711591621,1.5073051676277944,3.2872122649965254,193.5795124840606,4.215522237034609,2.3002331554554685,4.943768469839759,4.0895196745244595,2.5296792349418276,534.9819790906416,25.66619498354012,8719.56730881381,0.5361930294906166
2.267066176800002,2.4810603720894036,2.0867914203670144,5.218208862264293,1.520536978995835,2.9698785332379476,4.258056464349279,3.692484964377242,3.2784391361023184,4.296583060640227,4.282467722141076,3.7577164641297114,4.014249089570605,3.501415921391839,3.963685503101691,4.388876670619672,4.559991171345318,2.541368242013957,4.979793340176858,3.953639233301736,4.2633039959035,263.7731512900412,2.833455215416583,3.0732152804512243,2.5844214636878813,3.875116165128835,4.984228439773037,622.058488117959,20.939747858622198,1910.114402394131,0.5361930294906166
2.9208041985985735,1.7949971062596628,4.52877455103325,1.5392987983175113,3.615893792968759,2.038652629403279,2.9005682219538347,1.9679941638398106,3.6863521520563483,3.228523436814072,4.262956833175896,2.2583111578424244,2.928893250145562,2.3952364244972078,4.57960591229237,3.210759048594068,3.778641692589039,1.180257961712369,3.918683835882167,1.440825112117511,4.298667096773656,118.51843669168308,2.1945679874164754,3.6962627158440733,2.459010110785954,4.654651153753247,4.919611113416183,530.3943579707517,17.360172949311526,6552.004719150185,4.289544235924933
4.606984669804642,2.1166773007853386,4.914407546496879,3.336924793804775,1.2066215468363448,2.191562317334774,3.516032703820987,1.346670585170353,3.4077481427652785,4.449596507673296,1.7070544809963173,1.681072540984505,2.9110499207817195,3.583157234337792,2.305543862623434,5.356665361335646,4.9898358327648715,3.2504498954375363,7.408296495738915,3.06958351889201,3.066349840842727,34.13448606310112,3.0194679160456226,5.750410952567475,2.11477016269054,2.557671714246414,4.585410245189703,413.8887228502348,19.4874048236635,1298.2832790622876,4.021447721179625
1.7239955405114045,1.2599663330096607,5.436990276023478,4.537146317445492,4.165439306326807,3.913649496741904,4.279337498168257,1.0910570939619242,3.2964015165102714,3.5138510642967717,4.107552271710698,4.551727657171588,3.413322146162752,3.781855390409591,3.2003608148093123,4.375549435553377,4.344985474338313,3.390906278350283,9.582545035727698,3.5804170878682537,3.495257500654625,191.40708215537992,2.5929024339256235,3.6862482243783905,2.2659124886247297,3.2339561623042887,2.556645058473886,420.78496798876455,15.519154639967136,2897.676509919439,3.2171581769436997
2.2315880848684606,3.1875518275929835,2.495246864295399,3.1933941802780144,3.3263364923453356,4.690136731394461,4.437315656987554,3.876789688920855,3.440254920172009,2.336515729803146,4.502220422798963,4.777143866539317,2.133323035999897,2.2429131981031056,4.203582089609924,5.337033898887478,4.581984630492083,4.522691699550657,4.12115876592972,1.460644096137175,3.742033295982798,288.24324658380624,3.050734356994416,4.240769690410335,2.803381401432423,3.5881166186054325,2.899886321971461,698.0890539110784,26.994014144985787,2142.7973600145906,0.0
5.357973559297244,2.1170863575330765,3.573678967295352,2.35842953365952,3.632013732344112,4.899834783597013,1.534059089863292,4.681163766245584,3.245828292691695,3.5275845665820142,4.388393684667668,1.9893341545224748,3.5217739397932077,3.0178019399979292,2.423447574283575,5.178868166706608,3.4064439332963152,2.281103486933663,7.027077330982545,1.4661149718285762,4.708413280641707,175.8060092806537,4.090279569675609,1.6930580168118172,3.9283827021406954,3.298874830059313,4.766269541766357,809.3712160987443,22.109214414980013,4445.965272454563,1.0723860589812333
2.7781857799686445,1.3755675981205275,4.577571479146084,1.6606265048398785,3.8580963882266546,2.0956429172051587,5.854397034237874,4.423446603426863,2.1928517617319736,3.289627948446716,4.682750725639889,4.452258216966274,1.2026961123825832,4.272538597798741,2.3470042851202733,4.366325262035092,4.227422962214173,3.9326978820773255,6.741669653002967,1.4678250441306142,4.957167414494125,72.3496676380949,2.771082361076409,1.6042734479111207,4.726106214778891,3.0678991467209134,3.15581358461285,584.6071659224104,17.869221371614998,1798.1167635740267,2.1447721179624666
2.3355655572014316,3.036603716973147,2.151418360060509,3.8140470389393095,2.2110837676052473,4.6776167079235,1.806219807143127,4.037066292956808,2.2888489405575196,1.6143692469273185,3.6526706903994755,3.138647507161681,4.269751573274942,3.3757290740558243,4.819873336953404,3.2836305076073784,3.1813616824649458,4.792380503930753,3.910238574668833,2.5677127928884973,3.5991261419698013,324.4984898331305,4.144975762960927,1.2037441216866953,4.470114502117384,2.861958517142948,3.587848431424395,756.9892618336885,28.04254636464418,3896.3047705994422,0.0
3.9152975271839736,1.6011394143816569,1.8940356121642772,4.2225652949833465,2.3613083558050243,2.497518910351206,3.4919540283411195,3.889744716208349,2.7972191825289254,4.253549703600008,1.3308637322340071,4.379333271710639,2.368422887930746,1.2312818150806186,3.1696809483083817,4.2421901273998355,4.076304363525315,3.9131466372035657,9.898537833878542,2.6366274776404968,3.2359304433712106,161.84902611067602,1.4805630810758386,2.6658191913760794,2.776043344279425,3.2879173216172775,3.0195547729305767,1000.7985310097689,22.358112309811418,4440.6722335906,4.557640750670242
5.083266952029455,1.2105617725059172,5.347683723927057,5.307058504284882,1.316735879322736,4.950728074542728,3.5795973550764506,4.005330641479751,3.328812213139935,2.396790506732661,3.4487621675338462,3.9036173801634413,4.467130475214691,3.6782576458557448,3.622668704486909,3.7702808407988453,3.117800712543912,3.295812788464114,3.29179168136799,1.8187224736164858,4.151141604796845,273.62694688068405,1.185486611393773,5.249178621072051,4.289299159539841,1.7810731200707175,2.9145331312496348,1106.6317076360333,22.50279601997907,4343.143020327366,2.1447721179624666
5.525440449694911,3.5021269820673866,1.9794639681016515,3.9389717378188704,4.738844244966767,3.2221991963782344,3.8785277849860695,1.8028136628468987,3.9110201773230644,2.0514301382128286,2.149414772153507,3.2132390626669087,2.937943837591961,1.7303478742987979,2.4121693730916607,4.704056592375899,3.838824674334015,2.034373023928432,6.937164323253695,1.8168830182350517,4.971221621322227,389.4043374599648,3.627376995968953,1.344219252097826,5.163207180164735,3.2552491562721437,2.0616922396913795,1079.2554846328858,31.448637215982174,12348.168543364856,2.1447721179624666
5.9288129142538875,2.541263688436434,4.126417324686601,5.258512614319736,2.732529097521811,2.210703204181761,1.4428902458724848,1.3602767497833508,3.41423464252984,2.2342294637692897,2.7656077973931756,3.894542292567677,2.9432855714200183,3.971936816634115,3.1833086051970456,4.399395160819405,4.81445520459451,1.629136133788227,8.609719634672802,1.5647266336841492,4.119534747212261,46.07363210354033,4.095134028007405,4.3915771736246745,5.906324015810512,2.1230357551074586,4.523472700961547,204.67231318487464,15.917378243585825,1798.655565937694,1.6085790884718498
1.6807760494326298,1.6813626673100308,4.798481792619945,1.6618293564769422,1.535625823728866,4.644969740895145,2.359174297983794,1.6690854511890643,3.8921718314474445,3.5899318165545875,2.62079531221254,3.8160152182607567,1.2884292849357268,3.630349863799757,2.699437364029589,3.3951515597398956,3.4909534690949022,3.8624172011628604,7.274451688772412,1.6153775930735925,3.4656840484220455,280.3309294959765,4.015552275204014,4.203386598627618,5.770359092153398,4.229001819976239,4.798503092487224,2055.215117529434,27.16879422219084,19909.257217402097,3.753351206434316
4.333945506031872,2.5469304624347435,3.106694775086509,3.634639377760389,2.633551407766335,3.076135673145392,5.503257558733445,1.6329122102135374,3.8438766834008464,4.05367837817839,2.957516344002662,1.632339958020797,4.684013372146187,2.8656023017789995,3.7741666756498553,4.900568515623183,3.9981067915371007,4.574871661807435,4.998047789183319,1.915613724368572,4.0005898612132365,96.9464276005885,1.5222890252563062,1.4685019310606175,2.532827832337897,4.732222198080622,4.2503844417929715,683.9958784654386,21.23170258177645,2797.740302372746,3.2171581769436997
2.271457153301267,1.486338708198966,3.584760622854627,1.879537928707691,3.8411688481887487,4.569098960779152,1.428254902911821,1.1418032716322508,2.3115772682281177,1.7003805736867021,3.0372893454777885,1.0130925995065465,3.830249543225269,4.677725226634922,2.01867555536659,5.572361613435886,3.8916792616947795,1.767361883302819,8.662143169216215,3.768215294349714,4.6496394397964576,52.63313258454105,1.1767639455184118,4.582590947142282,4.06430529618596,3.320139683477541,4.179897860833789,262.0628011538398,14.311539133434586,2981.6093929428885,6.166219839142091
3.5586665426266713,3.396812211450119,2.5173314372946516,4.472240896073741,1.2928235431586343,3.9989099412604494,4.052322518764427,1.4299768748407327,2.301006069305731,2.068424531088634,4.612778501129505,1.6639593133139887,3.59504259724347,2.7353470557786532,2.21915720417763,5.220061526825415,3.5769853971985945,1.4501658210462147,3.8986317569792637,2.0326281923930622,3.7374839096842116,199.7433901283058,1.6786960950656065,5.832502683056829,2.912029524206547,2.5680830284868597,3.625100716407076,884.279255804839,29.614811422964177,5886.24181752187,2.9490616621983916
3.0809919315583763,3.930106741916749,4.30914996502929,2.5269488337976704,3.6732604566036673,3.9761392169804783,5.258979947556776,3.975839910205002,2.0559910420176766,4.371855700229524,2.3669315661627897,2.5616880049416317,4.32517410097109,2.0289050011350387,3.2156204193310765,3.6351092983213067,4.131862082613078,3.68181524334687,7.506825745717205,2.0159203162859876,4.306783416847636,148.55018950916616,4.826937550869886,5.228306413134353,5.4255699516465,3.1122567070590015,4.275002139594994,524.7170094521445,24.5054626532246,1421.0423173084857,0.0
3.6307105015631786,4.497274007039682,2.297633700228979,4.996892464727253,4.802944190335066,3.966034408038283,4.499338818317022,1.1042364298955918,2.820631587386045,3.6489445219902326,4.584932072766106,1.4713141845021656,2.5563651292590084,4.5916674065022915,3.046019136092349,5.173960133219149,3.4135126253254278,4.995758852337286,5.109123563728261,1.452300692330573,3.961175492533683,247.24815934299465,3.9687383284679454,1.7522614320914185,2.799260346213129,2.9877231331141374,4.545340748501616,272.4365253722893,26.906340503442888,1331.7779082008103,2.680965147453083
4.003345128877842,2.464861792246762,2.3925328737094973,4.399078397952898,4.721852244910856,4.882317605835478,5.491627491365038,4.047304761870152,3.6848350190754156,3.8491449435481004,4.940740933055287,4.224613047832456,2.260488618337189,3.5542850833042103,4.113525076124752,3.2463701180317317,4.264643270672031,2.579006738118692,3.746210397791721,1.4787264306335137,3.654562325451787,396.1280375243378,1.5771972424205183,1.5941595109237041,5.299738844890628,3.379583666110177,4.79265115819314,1880.0882894277595,28.81967600490298,2883.5618046118366,0.8042895442359249
4.890439571921914,3.175145861577924,3.1737875943554514,5.947539719918925,1.2387062705627563,4.79100308507567,3.6521628245284425,1.5945823292178738,3.209489254061671,4.045071490012438,3.1253669348743722,3.8416141149587744,2.3584078619579847,3.665002684463882,4.939222857026868,3.236650590151271,4.407837810319739,3.4877416774149825,8.24235799232743,3.848123886342336,4.219962323986435,135.49983128587303,2.6412588257011347,2.346214411548787,2.347160044121906,2.4374698010980267,2.2333310458533226,179.9042891350692,18.213169705329275,453.76497473082424,2.4128686327077746
5.312441763475183,3.538574421741411,3.256739664488929,3.5147343309535444,3.2896130204224305,4.502362683602007,3.748773122589152,3.41821305768418,2.7241420942058525,2.418796139100698,3.1006705356069775,3.3219798102669484,3.0108925827747943,1.3801146215617823,2.239316597009823,4.2881373087029075,4.084743857046327,3.9703704320421056,9.181062592421593,2.580215254383556,3.222873565200561,113.35989584818158,4.012009018961852,1.1178472882657484,5.163607809150365,1.8511287096097413,4.51813494688373,526.7141876850449,25.869990005517135,4702.118562389321,0.0
2.450877797771538,1.6403370955354308,4.24832697639636,4.567522199199533,2.3842223135914486,3.3677768114033126,5.9448965294933025,1.2257146012157478,2.827920170533972,1.6184279803107016,2.9620605840583276,3.2908275000383864,2.795757026366556,4.671433427586437,4.432812773711363,3.7054441005652734,4.771247349935322,2.9386148944533157,5.067510482471006,3.127027585471034,4.299578877394174,393.98868954230585,4.22746464624835,1.84520807941119,3.578096977354539,4.382862472342788,2.472862048661427,739.795637959719,19.954191156726854,7165.65584594877,3.2171581769436997
2.3049887230930883,3.5438333239852455,5.590040982388899,3.386341515488197,2.7385144476082486,2.15706403262446,4.397228278473868,1.418493672032806,3.111774922615151,1.6733230667139,3.8890168344048126,3.039608436707366,1.5164581237996315,3.889463985251787,3.9113637444617955,4.595365815227405,3.2762780649009344,4.0570421636670755,4.379595804571556,1.4160792124142614,4.524681378911719,362.9457255939234,2.072901765726558,1.0972619756272848,2.163464223487153,4.460550685504973,2.576280078884891,1615.4221264740793,35.39718626039408,14120.37308454741,1.3404825737265416
5.143352863267657,1.6445556895145361,2.6102201301096737,3.5663977563565816,3.1084858391820624,4.286645758095146,1.9611503076525847,2.518563030911692,3.6227376770733386,1.7790652423813276,3.9043387958656925,4.791539468607863,3.4712355208192824,3.596186021436217,4.498072852866183,3.517940555485549,3.3794857600930075,3.0188338811894146,3.7965285371450124,3.2123463667345304,4.425217518557039,72.9123223727012,1.6940752468237346,2.1943790967308585,2.3932803167225187,2.2365824092256044,4.39191245334162,150.4165746156302,12.199328811165415,1025.0829269117985,2.4128686327077746
2.0019107572867125,4.334669705338894,1.3087021717863936,3.8181477144633122,1.5375389921023,4.379321260766188,2.3244512733709968,2.222669102281165,2.443574924708228,4.396128742359588,1.3297528151922045,2.199145564225994,3.210033218770503,2.300130467585992,3.7507170131879777,5.972826974280954,4.76022419384053,4.478202921020902,7.046325980671758,2.0950414169730354,4.917890015164619,111.21169423423163,4.096559042800594,2.8025903853172442,3.016583194287598,1.6354257998847626,3.90334438932082,432.191140880611,31.934257630125952,1646.7673337561027,3.485254691689008
3.250431217585136,3.1623478621001064,4.969060187777744,4.166097060443256,2.9310736903732786,4.230480913300562,5.277886883510999,4.894516273059978,3.4699985719580324,1.5794972613920315,4.944314428223863,2.0620052429377465,1.6601497533059129,1.8503723014263271,2.5189412930689454,3.4904541710357675,4.256436792014503,4.4564802710180835,6.810898611957134,3.041095305513333,3.2858069517102892,190.03394497826218,4.03689796736325,3.302509734259216,3.1424130567075115,2.871964707297502,2.3908682926276796,1351.6399558656174,33.95228086270369,3415.1910520242504,0.0
5.757405926517284,3.6548949367792907,3.3808336025613257,5.738838844908452,1.8377422202908793,2.7357780808585934,5.308540955958692,1.4861109626239641,3.2211528897060253,1.2394312110379357,4.32937359348005,1.951577044197578,4.223110740438981,2.864084124429333,4.990564917607751,4.695810331451257,4.302094575974581,3.686540429875116,8.971083768668557,1.8092911635221465,3.889821375380248,11.636110226285288,1.9658123872330031,3.127370606175807,4.273601228678697,2.447606997096568,4.944660035347562,54.35427152340462,12.652483854383476,313.9390083339863,2.4128686327077746
1.322031018774389,2.7662261148370733,3.46175935592031,5.865106673670072,3.3036607883981395,4.716588918922955,1.493849200812324,1.605040946807081,2.914236625042757,2.1731010004146043,2.559363674414848,1.1031545692150635,1.6123672284978237,4.338837955422832,4.698887903989618,3.5980064406327377,4.987143357042206,1.2789451406476053,5.712329629063381,1.7775288490701737,4.722693120709583,291.031253954357,2.3471027045608808,1.9675869930903902,5.5883573409024425,1.2108379660531279,3.116540457822674,675.7169545680777,23.716102009724395,13219.267231413585,4.557640750670242
4.558380055461295,2.6088314367798118,5.078561641370979,2.1437017890831913,3.5243219386286952,4.966870219779791,3.570375699608868,1.0263080086854965,2.0626874015820333,1.72967538503935,1.8213611009882271,1.8210432017600677,1.3491085518195405,2.1720986598663528,4.86295158102982,4.800847533963057,4.184356191253181,1.5796749068654186,6.1662095851623615,2.322253590028127,4.778364540526356,354.07941778842417,2.1399000232369216,5.1895355171319695,4.795060574674842,1.9779769705180628,4.157086291725202,1245.9889450119651,28.670480924589206,13864.047544166091,5.898123324396783
3.7842118913434337,2.081964038451432,2.0547133319461945,3.0951195114676846,1.0981520337377355,4.839244948144277,2.0232021440301904,1.6019695648489511,2.464874737328063,4.006934616888465,3.7131451012452614,2.1559250918125987,4.3632803820598465,3.308248956330951,3.125606083325337,4.355533781168256,4.823324072254675,2.962249644824338,6.929829177641977,1.5744928311719202,4.934645729216047,101.07020395382679,3.9527558150904647,4.5874211125718,3.6878014112502804,4.106087497055703,4.817108546032378,307.51756383516476,16.984418203301914,1580.946595772827,2.9490616621983916
1.2479282882628286,4.615282013326318,2.3383884876318053,2.746121815509623,1.2117939514053804,2.837006407162855,4.279650491775086,4.449343149359864,2.2001802037244174,2.9743638311677327,2.7297817729573346,4.153346761619253,1.423949286613234,4.441023636018546,3.007697961180493,5.543893287861248,3.1143064185330935,1.5255139065347656,3.267505975803499,3.4788235102445966,4.834504824498893,103.7892658325978,2.1180275979692227,1.1424315782295538,3.737916287109864,2.785421987504818,4.820684858456081,306.6621037703173,30.435065925451415,2052.3722023287964,0.0
1.255755554934543,1.6820686043129727,3.5816877571618626,1.8940593031239978,4.955633520810281,4.417116967398604,2.0430941058981076,4.014965413207941,2.4190425025524105,1.6384529035539832,1.418460141432813,3.6633885838763542,3.3831371199206313,4.227195788913601,2.0769232516270186,3.3403540959214624,3.003852763090869,1.0706102329371947,8.753565495231214,3.238363049266926,4.714272492229459,148.89158950931338,3.973625716109534,1.0317329006600682,3.181882735502507,1.0863196011904952,3.542704398990283,357.29215642092726,15.929304311456823,7497.840991933315,4.021447721179625
5.797116359667394,4.741999802576293,5.879441867074349,1.22225037696195,3.0834066523592183,3.964763282234533,3.9950026922861577,3.4511973642063953,2.7369614475649917,3.324486407788838,2.3891204676327082,4.033997125087636,2.3797907699731375,4.3965114140908295,4.519853659831633,3.6585795234957583,4.362456971596964,2.9401414815262297,7.427749274982542,2.744516158675317,4.545941121362743,202.71100841811597,2.1183477082232423,2.318182720205121,4.400865639445133,3.2228254785570525,3.803420426094614,637.7326758222258,36.63813356335869,1637.432958606108,0.0
1.3010425491214601,3.0912462326059686,5.682099292348245,3.416322832559559,1.5856041107816763,2.7009405306922094,4.781032975835785,1.395233031631458,3.8829334866116714,3.4675450604482614,2.012025415076102,4.669591313503712,1.944192561579956,3.9437263777210285,3.7481929907201863,5.600383151592766,4.45470840578058,4.1771748246328,9.684946172798348,3.8158362046914234,4.338438827987598,299.27839769858895,3.569021388570691,3.1565263439925104,3.09860602621379,3.3065718968720224,2.4580848354121345,797.5971700490944,29.55288379991438,8658.4479796445,1.0723860589812333
3.096677439866918,2.4823706611330136,1.905514502455667,1.8069376687623497,4.732406569738945,3.319359004313263,5.0535184756162055,2.1430527615319748,2.993676128073099,2.7698043204829,4.944598204914424,4.543149433230732,4.854905278059569,2.0093021808422704,3.6778037179060497,3.92930712272468,4.547273840288188,4.875907723694317,8.585040781715914,1.3827941715051864,3.624500517647983,225.81876645206646,4.963537397135873,4.7520521806587395,5.6153717902980524,4.456258241794655,3.177037406181086,512.8140926669624,19.19985868070422,1456.761689769869,0.2680965147453083
4.783652047464926,2.888527947580723,5.5547331980385755,2.7385853011987358,4.567809216180578,3.4212086335075558,5.423705658666445,2.846991991088796,2.6334930843401567,1.320746411222415,1.8944422466472157,2.8347297424889017,4.822993275178153,2.0021040479475047,4.401302014634588,4.75078667468628,4.076558413455722,3.9896168988036056,9.966383274139192,1.3552107621234324,4.652576697959773,140.44538076123317,2.7539448518677,3.887474347310514,5.400048716815077,2.5887246298953954,4.572720526183592,1083.4626268478048,25.882651444861683,6557.094520126561,2.1447721179624666
2.2013119438669957,4.606845424899637,2.459306559106761,4.772644628185845,1.5404549580195317,4.667666010636814,1.6700296501347214,1.282759368201435,2.1863607631997164,4.706183969173689,3.4864162781945667,2.88390770537601,2.024032055583895,2.3321149104328587,2.7193530062763127,5.048532220232146,4.511390623109381,4.1752371831656845,9.358205102301977,2.7455127923133964,4.028668027926518,393.65515137238185,2.2195726696111358,5.6049144317188375,4.252355310069324,4.211903227537784,3.5240179351720293,875.9792389225347,38.75516793499661,2430.1654335410594,2.9490616621983916
5.2842042878389455,2.319760883744948,5.282801817675577,5.154409267047745,2.269134693713865,2.8160738388462416,4.232764874240278,1.2603533579422788,2.690689054241368,1.8318737618224739,3.792439127805399,1.9980011029590807,4.013948662340326,4.188129001448493,2.0552611392508178,3.731512219866565,3.32953108748604,3.273614563212069,4.507572171369473,1.52689894938987,3.6976794094213106,224.21240602859328,1.434403650165443,3.941507030960486,4.156940148889918,2.074194054968004,4.554031691148257,1561.3099029718885,28.996084437892645,15549.572608975877,3.753351206434316
3.0558594485631794,1.483063546961799,1.8299062926853251,2.5435490841071897,1.682211582994246,3.936081030576303,4.284635432543009,2.078543608389457,2.779811055014087,1.4933114294715173,1.2886657205464296,2.313830371375233,4.129771746388002,4.036565869400061,3.337815003846207,5.414902155522693,4.105410822325396,1.0024146714138888,3.4317027930022457,2.973991720044948,4.0217590841566295,240.9813519259889,3.4428408780844535,5.371557887090384,4.579152127919263,2.6063147362197556,3.353877068555119,1012.9836288172278,22.046441361916003,8821.753851807807,4.557640750670242
1.4741493551135312,2.6850769282430944,5.413093397995259,4.247783199182081,2.829323574565881,3.519975923604464,5.433812728945778,3.0969027057537684,2.833179476741228,1.5504566054376316,3.88394863628838,1.16517863386263,4.169364077530535,3.200767882813375,4.546668701114834,4.574026145726943,4.414222614403034,1.1916425039332168,4.093259885272336,2.4872653217758187,4.8294927626484,51.67295718822502,3.6455945921713213,2.2614443070969177,3.5425531469100706,1.0008189196264499,3.743981403435112,234.94581046188523,16.357971196630793,3220.6427085140112,2.4128686327077746
3.698049867678373,1.7361738517064809,5.839311613519101,2.822597357745961,1.4057940440477728,3.7788618862782646,4.705626124552324,2.931269153643397,2.8053997603037955,3.380973470596168,2.677224157466041,2.194865510057951,3.1456547597137923,2.129811855707196,2.114394613377112,5.411123266985938,3.9197241641481773,3.4715423963858907,8.041070423109282,1.986777045305856,3.384841681510265,238.16384440968895,1.1577272422555738,2.21853483535378,2.366080542086678,3.862393306990506,4.177803570466421,1788.272907507708,25.65644068562733,30830.97128585446,4.557640750670242
1.7623797738724614,4.28413092660948,5.099774852120547,5.414379414094997,2.4437274157372206,2.8309637719307545,4.125243269558903,1.4490708149710732,3.249595936605906,1.4083869064631558,2.1925094958251776,1.6346449397030676,2.566362212243712,3.666266950748925,3.975954170541516,4.768613146665246,4.96163673311252,3.387040129973201,4.67151128608821,3.3584320647622694,4.742882889843271,53.01343050277158,1.5341020548833924,4.020733881838612,5.48876370494254,4.972669930019045,2.488469685232719,252.2930555965979,27.98566760931439,2230.584842539706,1.6085790884718498
5.704945531096985,1.4550434401744354,5.564749219229589,4.963997412001206,1.4345076996737904,4.531180246778884,5.3200472067121,2.6046410849663344,3.536520816969608,3.218125879430382,3.329883344986665,2.142041785530488,1.9432522482958832,4.466039932595242,4.1987286755084,3.011107700097935,4.521209363035912,2.9895106259514,8.455533236108527,1.303758914203239,4.886922689666949,277.302959801411,3.5855494687942193,3.932551019370587,4.471968184926372,2.4986863341530947,3.9230611545346115,628.2227470300504,19.449050694590646,4125.038082522984,2.4128686327077746
3.071826069457439,4.61176428661177,4.140854876172115,2.1797477782148698,2.0830272762575914,3.0475859543550485,1.9936685131272693,4.282576091873224,2.571447200216019,1.3982305845491436,2.5866743981955866,3.4921656365606553,3.0050275837910343,3.694435501623515,4.505578843399144,3.116038660338132,4.051646433721178,1.0111213538743744,9.210441415925331,3.4792248020684977,4.750528751055273,219.8324798544714,1.8068850865458947,3.188158442322359,4.682963521431134,3.3396629401707756,2.1822308736785856,483.06599156694483,34.18987915701251,3829.9470700529764,0.0
4.925210425307512,1.1380976907773666,1.254030977796151,3.4046795575095965,4.9823532902774215,4.969316868746936,4.586176841819071,1.242954346364852,2.1840012270424234,1.819574229566947,1.7228210344799315,3.6619526771471476,3.3166564036810215,4.2131064188203196,3.752553969008545,4.386120029321074,3.858071312462698,2.3215880340540016,4.628979368804115,3.5177684777023526,4.902006714783948,149.20394616212917,2.468631997292404,1.496751735367516,2.8940242273480714,3.6585426680168047,2.114846638543063,189.9709854561181,12.746807562850197,904.884128187726,5.898123324396783
4.338860289931985,3.6572206721658658,1.746054383185083,1.8851588815674956,1.2007840881135903,4.466835690944737,4.364050763348503,4.19028335878191,2.838784191878408,1.1652586826718876,2.7366100139661467,3.576992336424661,2.044350239844001,3.624145238185543,2.9123959393621255,5.861671948743153,3.3861568413601226,2.922958844908626,8.800540128405256,1.9971314881662146,3.9127695576327994,384.5019353477308,3.45307975825626,5.833350994807319,4.737526415604458,1.0024722007662081,2.917369829955148,1524.9561166230208,38.6233738039384,5128.582679093936,1.0723860589812333
1.4333798254287617,2.5390390174932005,3.4251010714331906,4.538021294721101,1.4389411385307347,3.312110198123948,1.25350073544962,2.3154897139493373,2.741213906389749,3.8592375918743347,3.9789752734624964,2.200795421629424,3.4028326384747283,4.735303732510519,2.9683457225537864,3.876293840109363,3.827830320833127,4.313084605687196,9.662461234228648,3.9285280545017387,4.578790428039252,16.70051563953755,2.5917100227134906,3.91232909351683,4.441734442724987,3.7881010195810836,3.836639883228522,85.48720800114063,11.881322021929451,244.97308981990216,1.0723860589812333
2.523180227072512,3.845564857746348,3.348118623841801,4.787641825569727,4.084870801608833,2.043181803621627,1.7516196511342716,3.9541423347137483,2.0148397783765537,2.8166063567764055,1.395901164421209,2.830858761410896,3.245952423792085,4.295556906897536,2.5608577284923904,4.6409546885084705,4.260938760828533,2.7397099597539922,3.1615991927448515,1.3890162721413388,3.161038990203428,70.47075023270051,3.011338697705743,2.605777339932434,3.079528902867937,4.307529884701678,4.907240236134785,297.9004333383574,21.263324749748833,1834.9678842779977,0.8042895442359249
3.9265432394810773,4.524262784585867,2.7589003996957384,1.9556395521331145,1.3485685331981414,2.924183077926979,3.9979682623574293,2.38806466309861,2.215339596251744,2.2271136906518403,2.4464272579734567,2.16369116459028,3.8766227748561195,3.722945724681301,3.0513215116151917,5.0410538129578155,4.018560780523002,2.210945008566962,6.079437873959624,1.6143854314986383,4.886649881207986,312.8530795484926,1.0045962354448053,5.652912581109861,5.336950104165554,4.566167767424171,2.387056171153124,1364.2302046178327,47.15542252502678,5447.569912534343,0.5361930294906166
2.9203485497705493,3.2600352852625853,3.26688778672337,2.504978883865131,1.1571731714490299,3.4459998516970964,2.4855306900184093,3.200977837385111,2.2764735312199518,1.2119473491461865,3.147167755181015,2.920811974174492,3.5287343237594184,1.3136215282482837,4.582845260576147,4.22777550417102,4.550295201994306,3.1618281723052624,8.45789135050836,2.6594392475088746,4.548291214875921,408.6809363362365,1.6436504800263139,5.922830777778188,3.487178961327383,4.235548415468834,3.7725875683524213,1746.9117128738665,37.354040209874334,7883.098563098157,0.0
3.636879385149009,1.849572255311454,4.021653195852443,3.9950698241251033,4.2258057068744925,2.112389434878199,2.551967443316059,3.9801626815586353,2.4135504918434982,1.005987765172771,1.3384841132825955,3.7485198643379,3.1350492574690088,1.1293729036266429,2.399045922471668,5.566529391448887,4.572715131559682,2.7188021620936484,5.7629821787540925,3.3152534737153854,3.796550221617075,279.7147370820045,2.311443429420386,3.6302236490628728,2.704646420101912,4.789640958825746,4.638290678692582,2546.8482424026893,28.587171470347446,16684.598517286577,5.093833780160858
1.658184572534522,2.4810595818863,1.9376913091832129,1.4611953234581379,2.372754391068206,2.6819001884286218,3.2506456336814145,1.7316274527653843,2.8861419660094145,1.1442922394016444,1.1053867082118694,3.012771927743718,4.61706230542319,1.7993766170657493,2.117504730159106,5.50463771261958,4.8599386082143585,2.62057788689217,4.756311480951042,1.2121239163970339,4.388242323403741,295.813566480297,1.6913807871807789,4.698726498383498,2.7987653960446406,4.541532741398051,4.333763029055028,2242.876344946607,32.03498233295303,38160.78104110724,4.557640750670242
5.855498591064028,2.94122774996437,4.57565950191086,4.833311808865467,4.131258403612783,2.9584861816660917,3.95357563603256,1.7312931864196761,3.33573189356031,1.717917371433531,4.2597544395706155,3.9000016791291885,4.430005411371144,3.681887674399332,3.5481115806449672,3.3045496289099203,3.266856375586343,4.319764506744175,7.110734414679756,3.4182629592013303,4.632414956474092,11.545360673425545,2.4492102272686815,1.1745558195719825,4.843966337968556,4.682346519286908,4.40984380074983,52.36223333118433,10.12507678670523,144.54200351526478,2.1447721179624666
3.9395524502075188,2.1417977574222418,3.8452575167814196,3.850188916089195,2.917143494171356,2.38864921409841,1.3652569322054977,4.833005559513785,2.414433754738594,3.0115706151585195,4.564702034748155,2.056222070464235,4.347136165655814,1.568576994288108,3.983153047132859,5.272312776610919,3.8708722862395075,4.816455389522302,9.920160722680201,3.4374175869258363,4.817487815358939,166.17372216747052,3.1959924441742573,1.262965135807149,4.073418924956924,4.065343084973968,4.562741348869068,1107.005841616853,24.58744446942142,4193.169513733448,1.0723860589812333
4.5156549009754325,2.2546417037093684,3.488307150668045,1.740511583114651,3.7364453539984783,2.0405829976218963,2.291549998729253,4.583016272293566,2.8513145175083543,3.945159182612046,1.3655903342693358,2.878744600832768,2.673318062899868,3.1630873279035585,3.7747623159025046,5.718671276328191,3.3884594604635483,2.831975589014754,5.13226350470512,1.088818973713125,4.357415359862024,144.74922821660275,2.039720525719419,1.4265687132552491,2.580763328031645,4.3442731783288675,4.5829891571289085,1408.6272255952008,27.319702387142815,5641.043798638236,2.680965147453083
5.424038669492737,4.29775701628951,4.98125336961853,3.2030266434539634,2.5256337081381393,3.9141586317129233,5.397320811017067,4.631579868492433,2.722040079641048,4.170560204456287,1.6217988423671352,4.2928585915943565,4.465954889854867,2.5301798834179112,2.6707685013741758,4.549356224590264,3.935387334049853,4.727194713754467,3.9381286144339005,2.5864420239091213,4.808554305395214,110.59845861883873,1.1001761129873708,4.51427277647,5.328988885258418,1.0181664481604833,4.713294017715402,922.1974768335441,42.5855265966695,1560.6963506192487,0.8042895442359249
3.529258820719271,3.6320678623308416,5.181971420442733,3.4042442515071865,3.2435277271984573,2.3683425495590544,2.334670703793766,4.71093893457307,3.405274505934184,3.9701835494255713,4.394796925856609,4.703849024046404,1.1073810596569267,1.3506439184995065,2.6403420167715366,3.14810264338742,3.746522652193956,2.325159006477515,5.029749861505423,3.081028772813232,4.075784547082739,222.55940007126335,3.563640306544613,5.349171197784591,5.142737613887125,1.6347859417074413,4.720858480564838,2147.178956129225,39.1351995157859,3702.573045568317,0.0
4.454094922460719,3.808036769589833,4.197473289328395,5.2978819788708735,3.317859561200763,4.657417354520392,1.760959323811874,1.6455439880476113,3.110478831607096,3.1997506562978684,1.999528397365948,1.490291644794834,3.3568147339188292,1.747499006118503,2.5838750106636375,5.045733741458658,3.298721430376264,2.1924391909469185,7.543021787727133,2.563978402657791,4.973390782896433,397.64045061783514,4.999112195337442,1.5807431211441139,2.3115039228170255,4.823490608686225,4.267247018013258,595.3376467432569,26.246442183996276,8820.69720150708,3.485254691689008
4.769533747487586,1.185478569095526,3.2581039603628836,2.1269332707538693,1.467193335907011,3.8053088092140466,3.3267644482610534,3.529710376106372,2.7630269862604333,2.0741588728710485,4.491455772989227,1.5862609042574491,4.799250097009615,2.2987460769566037,4.774670356997664,5.52771433340898,4.815648201596306,3.1006320477476197,8.538361020867029,2.2014104481133914,3.178987389276644,319.05597466814413,4.723810226208332,5.823412438623488,5.536702678123952,1.2290318964741047,3.33643861531488,1535.7306282432583,24.194940533784674,7819.214957762026,5.093833780160858
2.3960274643242183,4.338139038915465,2.0263354026745395,4.869261276097561,2.810297798866148,4.377368374282398,2.712894476448449,1.2726364522564757,2.9048789323805906,3.5430498125063608,3.5818555513283323,2.1201794065651374,4.623954048366924,4.116937892772694,3.0014451732469962,3.862169901630705,4.530090429470578,4.217072531389258,8.432156250615087,2.185052965275987,3.2937913729566928,200.5473364136652,2.338301750810891,4.5358993766411135,2.2834416931794923,2.955745542389015,2.8877138105500775,340.6978842090986,28.913207023324507,1349.0646575774954,2.4128686327077746
2.393816621770434,3.42788189018974,2.838431451731162,5.974889559769152,2.81975352659167,2.931677177013058,3.607266184078434,4.795628133100959,3.6643868431907993,4.737966845768172,3.4298326121697644,3.608693696003912,3.7024187530535904,1.9310454710901643,3.6731678716472156,3.568262573044958,3.084343652189367,4.09361344522171,9.92966124643906,2.112320116334924,4.074091728630009,370.25780393060495,1.3623348853955046,2.80938416474146,2.9633827175824026,1.3159574819880766,4.648362814079055,1037.5982382417176,29.74487846155624,5097.721680330447,0.0
3.531192628325379,2.642268332290122,1.9985485221519514,5.857398052016348,1.1623989514948527,4.356074022851257,5.324373739891209,1.652081594163512,2.8523360285702806,1.8637697375510553,4.425323710923781,3.792682353816786,1.6894275078694077,2.462482776612801,3.37368225322398,5.206300122585409,4.262322896673329,1.2768998147174817,4.81298896259098,2.1764500042983435,3.4374417170423395,188.9647626530459,3.8455317866552714,1.531955481603943,3.471563504181303,1.6075394249294348,2.979544685786209,417.37713821750816,19.88146739955233,7788.8069430364885,2.9490616621983916
3.5581025652561724,2.9487161439857594,5.467649774326672,4.93988671969689,1.8484324995894892,4.712148112224222,3.299871432926458,1.569942889831271,2.0073547384128796,4.5606698194835085,4.454646738013839,3.2777937843282468,3.4323250050883507,1.4471811793562432,2.411196635286645,3.478729323221917,3.4952720953575462,1.6538847465084783,6.535907324404325,1.2504280711016615,4.060891838801515,219.65197665582286,1.8644823084744777,2.395237940693872,2.863223369730623,3.525589504278227,4.851255009770471,412.64264567733755,18.828685264989147,9244.320462159547,3.2171581769436997
5.8406453183107665,4.990950065981105,5.823660118321892,2.935585990403346,1.6819529862779872,4.18664334810486,2.2358045684528958,3.9779505714697065,3.8984117980858457,1.1896586047629185,1.4245502616096584,4.454227994791948,2.706078547557866,2.5824013873316556,2.665665693106153,3.428534376645516,3.420007720899201,1.4840909845257553,7.743299765948067,2.1689679134228186,4.658564191708071,147.04566854565718,3.033989112158449,5.399035640777542,5.092688494043072,4.028157147553831,4.865921840289135,568.6278436884785,37.00171019605038,2663.646700769468,0.8042895442359249
4.01502557934273,1.5117099996034078,4.536478914834695,5.966227179782454,1.560205923429801,2.586394207389651,2.8878698270788776,4.927603611947113,2.2671439796785524,1.0906525777571328,3.388345369783258,3.5135616610050713,2.5152876963700335,2.6738499217519855,3.3761346392398455,4.682407572212643,3.9008907093880287,1.5139050648587906,5.506657056149243,1.7324015388792264,4.457291279222043,120.2710674703804,4.845542559746091,1.9932672209084825,2.199337045002899,3.9386476110766595,2.8604934947199157,457.03150533608243,17.010986365939743,3719.32932974931,1.6085790884718498
1.5943505198415426,1.1089720218707733,2.8746849047720247,1.048029119377286,1.4301765573086622,4.220932149374862,2.3529122769627606,2.3809418552814585,3.0304865366028704,4.483670608988167,4.848856103011261,3.384534658644022,3.1285351385404385,1.402332280013292,2.522724841230091,5.279225511815522,4.329997997386016,1.4616123439322433,3.8896467083590873,1.0881746733942066,4.240972009257096,297.3332625543841,4.639119608729766,1.5296180770084051,4.997718477016942,1.133578073901102,3.857725482717141,2806.005046677275,29.583646772914086,51864.93353727725,3.485254691689008
2.9929314513749685,4.718686293696246,4.333059068681876,2.4384979130510214,3.9303814468870306,2.8947930467993546,4.387205683375805,2.422752113607753,3.782163414579652,4.788275392061995,3.5129526080899014,1.8497124397636417,4.872942403342014,4.021912853868649,3.1404770101548944,5.012657487038697,4.450292884031876,2.459819952863107,4.332910563020729,1.8758818863850701,3.548039916907671,151.0162084524678,1.4599676672046296,2.2628689849261665,3.541803038881531,3.6230452649194245,3.926746601007459,743.3058826930701,35.50613080497184,3780.777890422277,0.2680965147453083
5.04260179783518,1.3919234905600741,4.077026137420299,5.776130189506822,3.4709340022861848,3.3214335416092986,2.130659206296183,3.457794206345764,3.4348068489252066,1.4356528469259788,2.776466596989356,1.0503013735486042,2.139632547124339,2.9911076579352662,3.62602307086494,4.234473395828747,4.7012879785054995,4.311740821626817,8.335869648487495,3.367389463112365,4.339208331731423,183.9805769199521,2.5117196175827923,2.5125106775321706,4.049802586611026,3.3194985972714104,4.8210654944601,751.7264154577267,19.589737863573276,7663.773240025664,3.753351206434316
4.444713805245134,1.9085538254958676,3.297080157125616,3.9400201219196997,4.345647394164788,4.119555320005638,1.5800658153032334,4.006035556270931,2.0658035731076216,4.353755961106092,3.0714724829342286,4.121391321781953,2.963575184557088,2.3246552097649555,3.0098045878428072,5.807350487660425,4.433112424244013,2.4002030386757043,4.0958903882149365,1.7509453891004076,3.774545954714079,309.62779442697547,4.650733533228502,1.4019292814914888,4.087225068235012,2.3983142740245724,4.333903905494962,802.3875956159081,19.638842271872548,7098.607100188627,0.8042895442359249
1.9650793591540274,1.724685601758075,2.230053912057718,2.9031264671173793,1.8654483256774235,4.989801213485443,1.0428622001124268,3.81279024088503,2.5035191386551006,2.980979631746487,2.985602698814571,4.146928856986326,3.2517765342748532,4.625650147861803,2.9061248687966073,3.9457683773133465,4.380341630639446,1.6732069285897468,5.349127743268502,2.8206485333349733,4.35639323427727,414.430381964866,4.47882008069643,4.359126680210796,5.540069994631699,3.1721536016994043,2.377934030255893,865.1527393091351,20.792240472683208,5490.569020670853,1.0723860589812333
3.0425298351153125,4.838628425873305,5.212596413021864,5.487529644706044,3.4779261362661518,3.1438531991578285,1.4715151327374971,1.5763842681715188,2.462033786353976,4.996618648843286,1.8380760392383384,2.073700918059295,2.6441062127239094,3.7230566176804403,2.223233238453087,5.9454220819585295,3.886249593987175,1.172820159263495,3.0831513621037785,2.955225127757952,3.628788785676961,9.035239236076663,2.6719889604562312,5.41753668301578,5.04958617116936,3.262894690951129,3.2972785966101092,18.22380211249479,12.837601936077544,152.91039488722842,1.876675603217158
3.5665385376571592,4.760431131045377,3.5910867090163987,4.588481655765052,2.815194458105083,4.709353037070262,5.445427878734318,4.215335739236277,2.196966464328299,4.4585586096206775,1.8920230327188494,2.540126315387649,4.496161072327588,4.150332944458614,4.691733244489546,5.740198180378091,3.1272592937287893,4.614854811420701,9.422414839119684,2.830721871718895,4.21562109302335,373.1116097712657,4.055942186545794,4.8000726334840955,4.612880292375473,3.0384552330399104,4.93467185338422,522.7537055965619,33.5970492546975,1101.7881252623674,0.5361930294906166
5.032518111763494,3.235082193765406,2.8623737210919256,5.257383543177139,1.7747615564878267,4.519836086528511,3.6249886231558266,4.2868575614183735,2.525169026746397,1.220059433255475,1.8177873035281484,4.664962965756283,2.591325732641337,1.42694496829405,2.6965081329614584,3.4151593020445614,3.1118661566083645,3.993139747822709,4.322174117436676,1.2833354694906536,4.700798347389539,365.6741250559302,3.6864991862833953,2.3964019997752937,5.933636358531627,3.359799218119727,3.882166156990973,1370.5128282105456,35.905602105839534,9094.5477563167,0.8042895442359249
2.8506238368589645,3.2260071508749903,3.595277938491458,1.7750185032081118,1.0818230591282516,4.31339414315561,4.057640625292072,4.569162016279986,3.12037587179929,2.441190966233744,1.440568285720969,1.3912650745699704,4.323766956994477,4.666841570169798,4.4571492990812995,3.1772453511018166,4.927018450248068,2.2777416292331747,7.999195886944929,3.0858651166616373,4.6847305490634765,399.9863631455641,4.270023737121662,1.7968439788273152,2.30775665423422,1.486302727914718,3.4950148491173745,1036.9623602787601,31.498089978532224,7980.8172888842855,2.680965147453083
3.7982455066227327,3.434843060551287,3.7557211795806906,3.2641388490370766,4.56479489135658,3.288175017441363,3.6193787730404257,4.691269199057104,2.3543348117673,2.113141733956832,3.092874531211465,1.4465884700710623,4.843043340428723,4.736725607189149,3.6792570772541575,3.43082281537145,4.887904284071843,4.446490093124713,4.2120503213300875,2.258674955877298,4.008873203848818,384.23496460398553,3.8594923467012308,3.284389249521071,5.725070415333534,3.159547740774043,2.9232850580034504,1736.0187780297426,35.735618303230645,3711.444800781419,0.5361930294906166
1.2849432455263208,1.5385469547862405,5.390347924756422,1.7181640770525033,4.709301624653445,2.627075205016614,2.3476214072492647,1.5041099380457976,2.7098557121348077,2.9319763484170456,3.6879217969161004,4.425633016924259,3.3841525050795984,3.66692949690134,3.0138739395268903,5.4852155592069245,4.7484643406061116,3.711215318859822,6.366878749251777,3.6711594553156326,4.3277257969758685,57.20980551520529,3.449880716082027,4.998617540440424,2.606159772566139,2.2305915083904004,3.53101710371092,274.58848097411965,14.109512321053273,1496.610979127443,2.9490616621983916
5.515152835779739,4.02594631829875,2.28098185346794,4.640425875212044,3.580412749175756,4.5675939332741,2.60231046602882,3.037303260630495,2.653848973409371,4.995033881889614,3.5939157703147564,4.897373486311164,1.1328511684312823,2.0536282394184564,2.112230449069663,3.6372349343194124,3.779443895771231,1.8464971015785854,9.821519415452979,1.7675675040227454,3.041327990134614,386.8922548650499,4.546762832527019,4.0983072548612345,4.83023630858005,2.983716221524643,3.7873501605180317,416.92467190124756,30.622446413142356,1826.5904039787351,0.0
